{
  "A|Incandescent/tungsten": [
    [
      1.1557440,
      0.0000000,
      0.0000000
    ],
    [
      0.0000000,
      1.0000000,
      0.0000000
    ],
    [
      0.0000000,
      0.0000000,
      0.3268187
    ],
    [
      1.2164557,
      0.1109905,
      -0.1549325
    ],
    [
      0.1533326,
      0.9152313,
      -0.0559953
    ],
    [
      -0.0239469,
      0.0358984,
      0.3147529
    ],
    [
      1.0710732,
      0.2441000,
      -0.1502741
    ],
    [
      0.0268127,
      0.9804060,
      -0.0054100
    ],
    [
      0.0000000,
      0.0000000,
      0.3268187
    ]
  ],
  "B|Old direct sunlight at noon": [
    [
      1.0423475,
      0.0000000,
      0.0000000
    ],
    [
      0.0000000,
      1.0000000,
      0.0000000
    ],
    [
      0.0000000,
      0.0000000,
      0.7827025
    ],
    [
      1.0641402,
      0.0325780,
      -0.0489436
    ],
    [
      0.0446103,
      0.9766379,
      -0.0174854
    ],
    [
      -0.0078485,
      0.0119945,
      0.7785377
    ],
    [
      1.0211332,
      0.0725821,
      -0.0481421
    ],
    [
      0.0079726,
      0.9941737,
      -0.0016085
    ],
    [
      0.0000000,
      0.0000000,
      0.7827025
    ]
  ],
  "C|Old daylight": [
    [
      1.0318474,
      0.0000000,
      0.0000000
    ],
    [
      0.0000000,
      1.0000000,
      0.0000000
    ],
    [
      0.0000000,
      0.0000000,
      1.0858628
    ],
    [
      1.0097785,
      0.0070419,
      0.0127971
    ],
    [
      0.0123113,
      0.9847094,
      0.0032962
    ],
    [
      0.0038284,
      -0.0072331,
      1.0891639
    ],
    [
      1.0027359,
      0.0093941,
      0.0167846
    ],
    [
      0.0010319,
      0.9992466,
      -0.0002089
    ],
    [
      0.0000000,
      0.0000000,
      1.0858628
    ]
  ],
  "D50|ICC profile PCS": [
    [
      1.0144665,
      0.0000000,
      0.0000000
    ],
    [
      0.0000000,
      1.0000000,
      0.0000000
    ],
    [
      0.0000000,
      0.0000000,
      0.7578869
    ],
    [
      1.0478112,
      0.0228866,
      -0.0501270
    ],
    [
      0.0295424,
      0.9904844,
      -0.0170491
    ],
    [
      -0.0092345,
      0.0150436,
      0.7521316
    ],
    [
      1.0160803,
      0.0552297,
      -0.0521326
    ],
    [
      0.0060666,
      0.9955661,
      -0.0012235
    ],
    [
      0.0000000,
      0.0000000,
      0.7578869
    ]
  ],
  "D55|Mid-morning daylight": [
    [
      1.0066809,
      0.0000000,
      0.0000000
    ],
    [
      0.0000000,
      1.0000000,
      0.0000000
    ],
    [
      0.0000000,
      0.0000000,
      0.8463121
    ],
    [
      1.0285405,
      0.0135022,
      -0.0314825
    ],
    [
      0.0172109,
      0.9952227,
      -0.0106363
    ],
    [
      -0.0058993,
      0.0096778,
      0.8425735
    ],
    [
      1.0096364,
      0.0330975,
      -0.0329773
    ],
    [
      0.0036355,
      0.9973428,
      -0.0007332
    ],
    [
      0.0000000,
      0.0000000,
      0.8463121
    ]
  ],
  "D65|Daylight, sRGB, Adobe-RGB": [
    [
      1,
      0,
      0
    ],
    [
      0,
      1,
      0
    ],
    [
      0,
      0,
      1
    ]
  ],
  "D75|North sky daylight": [
    [
      0.9992109,
      0.0000000,
      0.0000000
    ],
    [
      0.0000000,
      1.0000000,
      0.0000000
    ],
    [
      0.0000000,
      0.0000000,
      1.1263283
    ],
    [
      0.9799401,
      -0.0091708,
      0.0252447
    ],
    [
      -0.0112490,
      1.0015532,
      0.0083931
    ],
    [
      0.0049195,
      -0.0081963,
      1.1295615
    ],
    [
      0.9931522,
      -0.0235200,
      0.0268900
    ],
    [
      -0.0025835,
      1.0018884,
      0.0005209
    ],
    [
      0.0000000,
      0.0000000,
      1.1263283
    ]
  ],
  "E|Equal energy": [
    [
      1.0521111,
      0.0000000,
      0.0000000
    ],
    [
      0.0000000,
      1.0000000,
      0.0000000
    ],
    [
      0.0000000,
      0.0000000,
      0.9184170
    ],
    [
      1.0502616,
      0.0270757,
      -0.0232523
    ],
    [
      0.0390650,
      0.9729502,
      -0.0092579
    ],
    [
      -0.0024047,
      0.0026446,
      0.9180873
    ],
    [
      1.0161982,
      0.0556310,
      -0.0197431
    ],
    [
      0.0061107,
      0.9955349,
      -0.0012334
    ],
    [
      0.0000000,
      0.0000000,
      0.9184170
    ]
  ],
  "F2|Daylight Fluorescent": [
    [
      1.0435469,
      0.0000000,
      0.0000000
    ],
    [
      0.0000000,
      1.0000000,
      0.0000000
    ],
    [
      0.0000000,
      0.0000000,
      0.6189488
    ],
    [
      1.0902706,
      0.0445381,
      -0.0816910
    ],
    [
      0.0593007,
      0.9745354,
      -0.0283781
    ],
    [
      -0.0142228,
      0.0226100,
      0.6105988
    ],
    [
      1.0300500,
      0.1032084,
      -0.0830066
    ],
    [
      0.0113367,
      0.9917148,
      -0.0022869
    ],
    [
      0.0000000,
      0.0000000,
      0.6189488
    ]
  ],
  "F7|Daylight fluorescent, D65 simulator": [
    [
      0.9999369,
      0.0000000,
      0.0000000
    ],
    [
      0.0000000,
      1.0000000,
      0.0000000
    ],
    [
      0.0000000,
      0.0000000,
      0.9987510
    ],
    [
      1.0001471,
      0.0000616,
      -0.0002400
    ],
    [
      0.0000675,
      1.0000204,
      -0.0000777
    ],
    [
      -0.0000497,
      0.0000847,
      0.9987166
    ],
    [
      1.0000515,
      0.0001770,
      -0.0002626
    ],
    [
      0.0000194,
      0.9999858,
      -0.0000039
    ],
    [
      0.0000000,
      0.0000000,
      0.9987510
    ]
  ],
  "F11|Ultralume 40, Philips TL84": [
    [
      1.0622324,
      0.0000000,
      0.0000000
    ],
    [
      0.0000000,
      1.0000000,
      0.0000000
    ],
    [
      0.0000000,
      0.0000000,
      0.5910014
    ],
    [
      1.1080915,
      0.0541551,
      -0.0897687
    ],
    [
      0.0731970,
      0.9648481,
      -0.0316116
    ],
    [
      -0.0150340,
      0.0234731,
      0.5825669
    ],
    [
      1.0357893,
      0.1229193,
      -0.0898083
    ],
    [
      0.0135018,
      0.9901328,
      -0.0027239
    ],
    [
      0.0000000,
      0.0000000,
      0.5910014
    ]
  ]
}